{"offline_id": "49027e5f17a34d20a60dd56f4b0dbfc5", "project_name": "yolov5", "start_time": 1714627661019, "stop_time": 1714627774825, "tags": [], "workspace": null, "resume_strategy": "create", "customer_error_reported": true, "customer_error_message": "Unexpected error detected in the user script: RuntimeError('\\n  #define POS_INFINITY __int_as_float(0x7f800000)\\n  #define INFINITY POS_INFINITY\\n  #define NEG_INFINITY __int_as_float(0xff800000)\\n  #define NAN __int_as_float(0x7fffffff)\\n\\n  typedef long long int int64_t;\\n  typedef unsigned int uint32_t;\\n  typedef signed char int8_t;\\n  typedef unsigned char uint8_t;  // NOTE: this MUST be \"unsigned char\"! \"char\" is equivalent to \"signed char\"\\n  typedef short int16_t;\\n  static_assert(sizeof(int64_t) == 8, \"expected size does not match\");\\n  static_assert(sizeof(uint32_t) == 4, \"expected size does not match\");\\n  static_assert(sizeof(int8_t) == 1, \"expected size does not match\");\\n  constexpr int num_threads = 128;\\n  constexpr int thread_work_size = 4; // TODO: make template substitution once we decide where those vars live\\n  constexpr int block_work_size = thread_work_size * num_threads;\\n  //TODO use _assert_fail, because assert is disabled in non-debug builds\\n  #define ERROR_UNSUPPORTED_CAST assert(false);\\n\\n  \\n  \\n  \\n  namespace std {\\n  \\n  using ::signbit;\\n  using ::isfinite;\\n  using ::isinf;\\n  using ::isnan;\\n  \\n  using ::abs;\\n  \\n  using ::acos;\\n  using ::acosf;\\n  using ::asin;\\n  using ::asinf;\\n  using ::atan;\\n  using ::atanf;\\n  using ::atan2;\\n  using ::atan2f;\\n  using ::ceil;\\n  using ::ceilf;\\n  using ::cos;\\n  using ::cosf;\\n  using ::cosh;\\n  using ::coshf;\\n  \\n  using ::exp;\\n  using ::expf;\\n  \\n  using ::fabs;\\n  using ::fabsf;\\n  using ::floor;\\n  using ::floorf;\\n  \\n  using ::fmod;\\n  using ::fmodf;\\n  \\n  using ::frexp;\\n  using ::frexpf;\\n  using ::ldexp;\\n  using ::ldexpf;\\n  \\n  using ::log;\\n  using ::logf;\\n  \\n  using ::log10;\\n  using ::log10f;\\n  using ::modf;\\n  using ::modff;\\n  \\n  using ::pow;\\n  using ::powf;\\n  \\n  using ::sin;\\n  using ::sinf;\\n  using ::sinh;\\n  using ::sinhf;\\n  \\n  using ::sqrt;\\n  using ::sqrtf;\\n  using ::tan;\\n  using ::tanf;\\n  \\n  using ::tanh;\\n  using ::tanhf;\\n  \\n  using ::acosh;\\n  using ::acoshf;\\n  using ::asinh;\\n  using ::asinhf;\\n  using ::atanh;\\n  using ::atanhf;\\n  using ::cbrt;\\n  using ::cbrtf;\\n  \\n  using ::copysign;\\n  using ::copysignf;\\n  \\n  using ::erf;\\n  using ::erff;\\n  using ::erfc;\\n  using ::erfcf;\\n  using ::exp2;\\n  using ::exp2f;\\n  using ::expm1;\\n  using ::expm1f;\\n  using ::fdim;\\n  using ::fdimf;\\n  using ::fmaf;\\n  using ::fma;\\n  using ::fmax;\\n  using ::fmaxf;\\n  using ::fmin;\\n  using ::fminf;\\n  using ::hypot;\\n  using ::hypotf;\\n  using ::ilogb;\\n  using ::ilogbf;\\n  using ::lgamma;\\n  using ::lgammaf;\\n  using ::llrint;\\n  using ::llrintf;\\n  using ::llround;\\n  using ::llroundf;\\n  using ::log1p;\\n  using ::log1pf;\\n  using ::log2;\\n  using ::log2f;\\n  using ::logb;\\n  using ::logbf;\\n  using ::lrint;\\n  using ::lrintf;\\n  using ::lround;\\n  using ::lroundf;\\n  \\n  using ::nan;\\n  using ::nanf;\\n  \\n  using ::nearbyint;\\n  using ::nearbyintf;\\n  using ::nextafter;\\n  using ::nextafterf;\\n  using ::remainder;\\n  using ::remainderf;\\n  using ::remquo;\\n  using ::remquof;\\n  using ::rint;\\n  using ::rintf;\\n  using ::round;\\n  using ::roundf;\\n  using ::scalbln;\\n  using ::scalblnf;\\n  using ::scalbn;\\n  using ::scalbnf;\\n  using ::tgamma;\\n  using ::tgammaf;\\n  using ::trunc;\\n  using ::truncf;\\n  \\n  } // namespace std\\n  \\n  \\n\\n  // NB: Order matters for this macro; it is relied upon in\\n  // _promoteTypesLookup and the serialization format.\\n  // Note, some types have ctype as void because we don\\'t support them in codegen\\n  #define AT_FORALL_SCALAR_TYPES_WITH_COMPLEX(_) \\\\\\n  _(uint8_t, Byte) /* 0 */                               \\\\\\n  _(int8_t, Char) /* 1 */                                \\\\\\n  _(int16_t, Short) /* 2 */                              \\\\\\n  _(int, Int) /* 3 */                                    \\\\\\n  _(int64_t, Long) /* 4 */                               \\\\\\n  _(at::Half, Half) /* 5 */                                  \\\\\\n  _(float, Float) /* 6 */                                \\\\\\n  _(double, Double) /* 7 */                              \\\\\\n  _(std::complex<at::Half>, ComplexHalf) /* 8 */        \\\\\\n  _(std::complex<float>, ComplexFloat) /* 9 */                          \\\\\\n  _(std::complex<double>, ComplexDouble) /* 10 */                         \\\\\\n  _(bool, Bool) /* 11 */                                 \\\\\\n  _(void, QInt8) /* 12 */                          \\\\\\n  _(void, QUInt8) /* 13 */                        \\\\\\n  _(void, QInt32) /* 14 */                        \\\\\\n  _(at::BFloat16, BFloat16) /* 15 */                             \\\\\\n\\n  #define AT_FORALL_SCALAR_TYPES_WITH_COMPLEX_EXCEPT_QINT(_)       \\\\\\n  _(uint8_t, Byte)                                                 \\\\\\n  _(int8_t, Char)                                                  \\\\\\n  _(int16_t, Short)                                                \\\\\\n  _(int, Int)                                                      \\\\\\n  _(int64_t, Long)                                                 \\\\\\n  _(at::Half, Half)                                                \\\\\\n  _(float, Float)                                                  \\\\\\n  _(double, Double)                                                \\\\\\n  _(std::complex<at::Half>, ComplexHalf)                           \\\\\\n  _(std::complex<float>, ComplexFloat)                             \\\\\\n  _(std::complex<double>, ComplexDouble)                           \\\\\\n  _(bool, Bool)                                                    \\\\\\n  _(at::BFloat16, BFloat16)\\n\\n\\n  enum class ScalarType : int8_t {\\n  #define DEFINE_ENUM(_1, n) n,\\n  AT_FORALL_SCALAR_TYPES_WITH_COMPLEX(DEFINE_ENUM)\\n  #undef DEFINE_ENUM\\n      Undefined,\\n  NumOptions\\n  };\\n\\n  template <typename T, int size>\\n  struct Array {\\n  T data[size];\\n\\n  __device__ T operator[](int i) const {\\n      return data[i];\\n  }\\n  __device__ T& operator[](int i) {\\n      return data[i];\\n  }\\n  Array() = default;\\n  Array(const Array&) = default;\\n  Array& operator=(const Array&) = default;\\n  __device__ Array(T x) {\\n    for (int i = 0; i < size; i++) {\\n      data[i] = x;\\n    }\\n  }\\n  };\\n\\n  \\n  \\n  \\n  \\n  \\n\\n\\n\\n  template <typename T>\\n  struct DivMod {\\n  T div;\\n  T mod;\\n\\n  __device__ DivMod(T _div, T _mod) {\\n      div = _div;\\n      mod = _mod;\\n  }\\n  };\\n\\n  //<unsigned int>\\n  struct IntDivider {\\n  IntDivider() = default;\\n\\n  __device__ inline unsigned int div(unsigned int n) const {\\n  unsigned int t = __umulhi(n, m1);\\n  return (t + n) >> shift;\\n  }\\n\\n  __device__ inline unsigned int mod(unsigned int n) const {\\n  return n - div(n) * divisor;\\n  }\\n\\n  __device__ inline DivMod<unsigned int> divmod(unsigned int n) const {\\n  unsigned int q = div(n);\\n  return DivMod<unsigned int>(q, n - q * divisor);\\n  }\\n\\n  unsigned int divisor;  // d above.\\n  unsigned int m1;  // Magic number: m\\' above.\\n  unsigned int shift;  // Shift amounts.\\n  };\\n\\n  template <int NARGS>\\n  struct TrivialOffsetCalculator {\\n    // The offset for each argument. Wrapper around fixed-size array.\\n    // The offsets are in # of elements, not in bytes.\\n    Array<unsigned int, NARGS> get(unsigned int linear_idx) const {\\n      Array<unsigned int, NARGS> offsets;\\n      #pragma unroll\\n      for (int arg = 0; arg < NARGS; arg++) {\\n        offsets[arg] = linear_idx;\\n      }\\n      return offsets;\\n    }\\n  };\\n\\n  template<int NARGS>\\n  struct OffsetCalculator {\\n  OffsetCalculator() = default;\\n  __device__ __forceinline__ Array<unsigned int, NARGS> get(unsigned int linear_idx) const {\\n      Array<unsigned int, NARGS> offsets;\\n      #pragma unroll\\n      for (int arg = 0; arg < NARGS; ++arg) {\\n      offsets[arg] = 0;\\n      }\\n\\n      #pragma unroll\\n      for (int dim = 0; dim < 25; ++dim) {\\n      if (dim == dims) {\\n          break;\\n      }\\n\\n      auto divmod = sizes_[dim].divmod(linear_idx);\\n      linear_idx = divmod.div;\\n\\n      #pragma unroll\\n      for (int arg = 0; arg < NARGS; ++arg) {\\n          offsets[arg] += divmod.mod * strides_[dim][arg];\\n      }\\n      //printf(\"offset calc thread dim size stride offset %d %d %d %d %d %d %d %d\\\\n\",\\n      //threadIdx.x, dim, sizes_[dim].divisor, strides_[dim][0], offsets[0], linear_idx, divmod.div, divmod.mod);\\n      }\\n      return offsets;\\n  }\\n\\n    int dims;\\n    IntDivider sizes_[25];\\n    // NOTE: this approach will not support nInputs == 0\\n    unsigned int strides_[25][NARGS];\\n  };\\n\\n\\n\\n  #define C10_HOST_DEVICE __host__ __device__\\n  #define C10_DEVICE __device__\\n\\n  template <typename T>\\n  __device__ __forceinline__ T WARP_SHFL_DOWN(T value, unsigned int delta, int width = warpSize, unsigned int mask = 0xffffffff)\\n  {\\n    return __shfl_down_sync(mask, value, delta, width);\\n  }\\n\\n\\n  #if 0\\n  template <typename T>\\n  __device__ __forceinline__ std::complex<T> WARP_SHFL_DOWN(std::complex<T> value, unsigned int delta, int width = warpSize, unsigned int mask = 0xffffffff)\\n  {\\n    return std::complex<T>(\\n        __shfl_down_sync(mask, value.real(), delta, width),\\n        __shfl_down_sync(mask, value.imag(), delta, width));\\n  }\\n  #endif\\n\\n  // aligned vector generates vectorized load/store on CUDA\\n  template<typename scalar_t, int vec_size>\\n  struct alignas(sizeof(scalar_t) * vec_size) aligned_vector {\\n    scalar_t val[vec_size];\\n  };\\n\\n\\n  C10_HOST_DEVICE static void reduce_fraction(size_t &numerator, size_t &denominator) {\\n    // get GCD of num and denom using Euclid\\'s algorithm.\\n    // Can replace this with std::gcd if we ever support c++17.\\n    size_t a = denominator;\\n    size_t b = numerator;\\n    while (b != 0) {\\n        a %= b;\\n        // swap(a,b)\\n        size_t tmp = a;\\n        a = b;\\n        b = tmp;\\n    }\\n\\n    // a is now the GCD\\n    numerator /= a;\\n    denominator /= a;\\n  }\\n\\n\\n\\n\\n  struct ReduceConfig {\\n  //has to match host-side ReduceConfig in the eager code\\n  static constexpr int BLOCK_X = 0;\\n  static constexpr int BLOCK_Y = 1;\\n  static constexpr int CTA = 2;\\n\\n  static constexpr int input_vec_size = 4;\\n  int element_size_bytes;\\n  int num_inputs;\\n  int num_outputs;\\n  int step_input = 1;\\n  int step_output = 1;\\n  int ctas_per_output = 1;\\n  int input_mult[3] = {0, 0, 0};\\n  int output_mult[2] = {0, 0};\\n\\n  int block_width;\\n  int block_height;\\n  int num_threads;\\n\\n  bool vectorize_input = false;\\n  int output_vec_size = 1;\\n\\n  C10_HOST_DEVICE bool should_block_x_reduce() const {\\n    return input_mult[BLOCK_X] != 0;\\n  }\\n\\n  C10_HOST_DEVICE bool should_block_y_reduce() const {\\n    return input_mult[BLOCK_Y] != 0;\\n  }\\n\\n  C10_HOST_DEVICE bool should_global_reduce() const {\\n    return input_mult[CTA] != 0;\\n  }\\n\\n  C10_DEVICE bool should_store(int output_idx) const {\\n    return output_idx < num_outputs &&\\n      (!should_block_x_reduce() || threadIdx.x == 0) &&\\n      (!should_block_y_reduce() || threadIdx.y == 0);\\n  }\\n\\n  C10_DEVICE bool should_reduce_tail() const {\\n    return (!should_block_y_reduce() || threadIdx.y == 0) &&\\n      (!should_global_reduce() || blockIdx.y == 0);\\n  }\\n\\n  C10_HOST_DEVICE int input_idx() const {\\n    int lane = threadIdx.x;\\n    int warp = threadIdx.y;\\n    int cta2 = blockIdx.y;\\n    return (lane * input_mult[BLOCK_X] +\\n            warp * input_mult[BLOCK_Y] +\\n            cta2 * input_mult[CTA]);\\n  }\\n\\n  template <int output_vec_size>\\n  C10_HOST_DEVICE int output_idx() const {\\n    int lane = threadIdx.x;\\n    int warp = threadIdx.y;\\n    int cta1 = blockIdx.x;\\n    return (lane * output_mult[BLOCK_X] +\\n            warp * output_mult[BLOCK_Y] +\\n            cta1 * step_output) * output_vec_size;\\n  }\\n\\n  C10_DEVICE int shared_memory_offset(int offset) const {\\n    return threadIdx.x + (threadIdx.y + offset) * blockDim.x;\\n  }\\n\\n  C10_DEVICE int staging_memory_offset(int cta2) const {\\n    int offset = cta2 + blockIdx.x * gridDim.y;\\n    if (!should_block_x_reduce()) {\\n      offset = threadIdx.x + offset * blockDim.x;\\n    }\\n    return offset;\\n  }\\n\\n\\n  };\\n\\n\\n//TODO this will need to be different for more generic reduction functions\\nnamespace reducer {\\n\\n  using scalar_t = float;\\n  using arg_t = float;\\n  using out_scalar_t = float;\\n\\n\\n  inline __device__ arg_t combine(arg_t a, arg_t b) { return a * b; }\\n\\n  inline __device__ out_scalar_t project(arg_t arg) {\\n    return (out_scalar_t) arg;\\n  }\\n\\n  inline __device__ arg_t warp_shfl_down(arg_t arg, int offset) {\\n    return WARP_SHFL_DOWN(arg, offset);\\n  }\\n\\n  inline __device__ arg_t translate_idx(arg_t acc, int64_t /*idx*/) {\\n    return acc;\\n  }\\n\\n  // wrap a normal reduction that ignores the index\\n  inline __device__ arg_t reduce(arg_t acc, arg_t val, int64_t idx) {\\n     return combine(acc, val);\\n  }\\n}\\n\\n\\nstruct ReduceJitOp {\\n  using scalar_t = float;\\n  using arg_t = float;\\n  using out_scalar_t = float;\\n\\n  using InputCalculator = OffsetCalculator<1>;\\n  using OutputCalculator = OffsetCalculator<2>;\\n\\n//   static constexpr bool can_accumulate_in_output =\\n//     std::is_convertible<arg_t, out_scalar_t>::value\\n//     && std::is_convertible<out_scalar_t, arg_t>::value;\\n\\n  static constexpr int input_vec_size = ReduceConfig::input_vec_size;\\n\\n  arg_t ident;\\n  ReduceConfig config;\\n  InputCalculator input_calc;\\n  OutputCalculator output_calc;\\n  const void* src;\\n  const char* dst[2]; //it accepts at most two destinations\\n  // acc_buf used for accumulation among sub Tensor Iterator when accumulation on\\n  // output is not permissible\\n  void* acc_buf;\\n  // cta_buf used for accumulation between blocks during global reduction\\n  void* cta_buf;\\n  int* semaphores;\\n  int64_t base_idx;\\n  bool accumulate;\\n  bool final_output;\\n  int noutputs;\\n\\n\\n  C10_DEVICE void run() const {\\n    extern __shared__ char shared_memory[];\\n    uint32_t output_idx = config.output_idx<1>();\\n    uint32_t input_idx = config.input_idx();\\n    auto base_offsets1 = output_calc.get(output_idx)[1];\\n\\n    using arg_vec_t = Array<arg_t, 1>;\\n    arg_vec_t value;\\n\\n    if (output_idx < config.num_outputs && input_idx < config.num_inputs) {\\n      const scalar_t* input_slice = (const scalar_t*)((const char*)src + base_offsets1);\\n\\n      value = thread_reduce<1>(input_slice);\\n    }\\n\\n    if (config.should_block_y_reduce()) {\\n      value = block_y_reduce<1>(value, shared_memory);\\n    }\\n    if (config.should_block_x_reduce()) {\\n      value = block_x_reduce<1>(value, shared_memory);\\n    }\\n\\n    using out_ptr_vec_t = Array<out_scalar_t*, 1>;\\n    using offset_vec_t = Array<uint32_t, 1>;\\n    offset_vec_t base_offsets;\\n    out_ptr_vec_t out;\\n\\n    #pragma unroll\\n    for (int i = 0; i < 1; i++) {\\n      base_offsets[i] = output_calc.get(output_idx + i)[0];\\n      out[i] = (out_scalar_t*)((char*)dst[0] + base_offsets[i]);\\n    }\\n\\n    arg_vec_t* acc = nullptr;\\n    if (acc_buf != nullptr) {\\n      size_t numerator = sizeof(arg_t);\\n      size_t denominator = sizeof(out_scalar_t);\\n      reduce_fraction(numerator, denominator);\\n      acc = (arg_vec_t*)((char*)acc_buf + (base_offsets[0] * numerator / denominator));\\n    }\\n\\n    if (config.should_global_reduce()) {\\n      value = global_reduce<1>(value, acc, shared_memory);\\n    } else if (config.should_store(output_idx)) {\\n      if (accumulate) {\\n        #pragma unroll\\n        for (int i = 0; i < 1; i++) {\\n          value[i] = reducer::translate_idx(value[i], base_idx);\\n        }\\n      }\\n\\n      if (acc == nullptr) {\\n        if (accumulate) {\\n          value = accumulate_in_output<1>(out, value);\\n        }\\n        if (final_output) {\\n          set_results_to_output<1>(value, base_offsets);\\n        } else {\\n          #pragma unroll\\n          for (int i = 0; i < 1; i++) {\\n            *(out[i]) = get_accumulated_output(out[i], value[i]);\\n          }\\n        }\\n      } else {\\n        if (accumulate) {\\n          #pragma unroll\\n          for (int i = 0; i < 1; i++) {\\n            value[i] = reducer::combine((*acc)[i], value[i]);\\n          }\\n        }\\n        if (final_output) {\\n          set_results_to_output<1>(value, base_offsets);\\n        } else {\\n          *acc = value;\\n        }\\n      }\\n    }\\n  }\\n\\n  template <int output_vec_size>\\n  C10_DEVICE Array<arg_t, output_vec_size> thread_reduce(const scalar_t* data) const {\\n    if (config.vectorize_input) {\\n      assert(output_vec_size == 1);\\n      // reduce at the header of input_slice where memory is not aligned,\\n      // so that thread_reduce will have an aligned memory to work on.\\n      return {input_vectorized_thread_reduce_impl(data)};\\n    } else {\\n      uint32_t element_stride = input_calc.strides_[0][0] / sizeof(scalar_t);\\n      bool is_contiguous = (input_calc.dims == 1 && element_stride == 1);\\n      if (is_contiguous) {\\n        return thread_reduce_impl<output_vec_size>(data, [](uint32_t idx) { return idx; });\\n      } else if (input_calc.dims == 1) {\\n        return thread_reduce_impl<output_vec_size>(data, [&](uint32_t idx) { return idx * element_stride; });\\n      } else {\\n        return thread_reduce_impl<output_vec_size>(data, [&](uint32_t idx) { return input_calc.get(idx)[0] / sizeof(scalar_t); });\\n      }\\n    }\\n  }\\n\\n  C10_DEVICE arg_t input_vectorized_thread_reduce_impl(const scalar_t* data) const {\\n    uint32_t end = config.num_inputs;\\n\\n    // Handle the head of input slice where data is not aligned\\n    arg_t value = ident;\\n    constexpr int align_bytes = alignof(aligned_vector<scalar_t, input_vec_size>);\\n    constexpr int align_elements = align_bytes / sizeof(scalar_t);\\n    int shift = ((int64_t)data) % align_bytes / sizeof(scalar_t);\\n    if (shift > 0) {\\n      data -= shift;\\n      end += shift;\\n      if(threadIdx.x >= shift && threadIdx.x < align_elements && config.should_reduce_tail()){\\n        value = reducer::reduce(value, data[threadIdx.x], threadIdx.x - shift);\\n      }\\n      end -= align_elements;\\n      data += align_elements;\\n      shift = align_elements - shift;\\n    }\\n\\n    // Do the vectorized reduction\\n    using load_t = aligned_vector<scalar_t, input_vec_size>;\\n\\n    uint32_t idx = config.input_idx();\\n    const uint32_t stride = config.step_input;\\n\\n    // Multiple accumulators to remove dependency between unrolled loops.\\n    arg_t value_list[input_vec_size];\\n    value_list[0] = value;\\n\\n    #pragma unroll\\n    for (int i = 1; i < input_vec_size; i++) {\\n      value_list[i] = ident;\\n    }\\n\\n    scalar_t values[input_vec_size];\\n\\n    load_t *values_vector = reinterpret_cast<load_t*>(&values[0]);\\n\\n    while (idx * input_vec_size + input_vec_size - 1 < end) {\\n      *values_vector = reinterpret_cast<const load_t*>(data)[idx];\\n      #pragma unroll\\n      for (uint32_t i = 0; i < input_vec_size; i++) {\\n        value_list[i] = reducer::reduce(value_list[i], values[i], shift + idx * input_vec_size + i);\\n      }\\n      idx += stride;\\n    }\\n\\n    // tail\\n    uint32_t tail_start = end - end % input_vec_size;\\n    if (config.should_reduce_tail()) {\\n      int idx = tail_start + threadIdx.x;\\n      if (idx < end) {\\n        value_list[0] = reducer::reduce(value_list[0], data[idx], idx + shift);\\n      }\\n    }\\n\\n    // combine accumulators\\n    #pragma unroll\\n    for (int i = 1; i < input_vec_size; i++) {\\n      value_list[0] = reducer::combine(value_list[0], value_list[i]);\\n    }\\n    return value_list[0];\\n  }\\n\\n  template <int output_vec_size, typename offset_calc_t>\\n  C10_DEVICE Array<arg_t, output_vec_size> thread_reduce_impl(const scalar_t* data_, offset_calc_t calc) const {\\n    uint32_t idx = config.input_idx();\\n    const uint32_t end = config.num_inputs;\\n    const uint32_t stride = config.step_input;\\n    const int vt0=4;\\n\\n    using arg_vec_t = Array<arg_t, output_vec_size>;\\n    using load_t = aligned_vector<scalar_t, output_vec_size>;\\n    const load_t* data = reinterpret_cast<const load_t*>(data_);\\n\\n    // Multiple accumulators to remove dependency between unrolled loops.\\n    arg_vec_t value_list[vt0];\\n\\n    #pragma unroll\\n    for (int i = 0; i < vt0; i++) {\\n      #pragma unroll\\n      for (int j = 0; j < output_vec_size; j++) {\\n        value_list[i][j] = ident;\\n      }\\n    }\\n\\n    load_t values[vt0];\\n\\n    while (idx + (vt0 - 1) * stride < end) {\\n      #pragma unroll\\n      for (uint32_t i = 0; i < vt0; i++) {\\n        values[i] = data[calc(idx + i * stride) / output_vec_size];\\n      }\\n      #pragma unroll\\n      for (uint32_t i = 0; i < vt0; i++) {\\n        #pragma unroll\\n        for (uint32_t j = 0; j < output_vec_size; j++) {\\n          value_list[i][j] = reducer::reduce(value_list[i][j], values[i].val[j], idx + i * stride);\\n        }\\n      }\\n      idx += stride * vt0;\\n    }\\n\\n    // tail\\n    int idx_ = idx;\\n    #pragma unroll\\n    for (uint32_t i = 0; i < vt0; i++) {\\n      if (idx >= end) {\\n        break;\\n      }\\n      values[i] = data[calc(idx) / output_vec_size];\\n      idx += stride;\\n    }\\n    idx = idx_;\\n    #pragma unroll\\n    for (uint32_t i = 0; i < vt0; i++) {\\n      if (idx >= end) {\\n        break;\\n      }\\n      #pragma unroll\\n      for (uint32_t j = 0; j < output_vec_size; j++) {\\n        value_list[i][j] = reducer::reduce(value_list[i][j], values[i].val[j], idx);\\n      }\\n      idx += stride;\\n    }\\n\\n    // combine accumulators\\n    #pragma unroll\\n    for (int i = 1; i < vt0; i++) {\\n      #pragma unroll\\n      for (uint32_t j = 0; j < output_vec_size; j++) {\\n        value_list[0][j] = reducer::combine(value_list[0][j], value_list[i][j]);\\n      }\\n    }\\n    return value_list[0];\\n  }\\n  template <int output_vec_size>\\n  C10_DEVICE Array<arg_t, output_vec_size> block_x_reduce(Array<arg_t, output_vec_size> value, char* shared_memory) const {\\n    using args_vec_t = Array<arg_t, output_vec_size>;\\n    int dim_x = blockDim.x;\\n    args_vec_t* shared = (args_vec_t*)shared_memory;\\n    if (dim_x > warpSize) {\\n      int address_base = threadIdx.x + threadIdx.y*blockDim.x;\\n      shared[address_base] = value;\\n      for (int offset = dim_x/2; offset >= warpSize; offset >>= 1) {\\n        __syncthreads();\\n        if (threadIdx.x < offset && threadIdx.x + offset < blockDim.x) {\\n          args_vec_t other = shared[address_base + offset];\\n          #pragma unroll\\n          for (int i = 0; i < output_vec_size; i++) {\\n            value[i] = reducer::combine(value[i], other[i]);\\n          }\\n          shared[address_base] = value;\\n        }\\n      }\\n      dim_x = warpSize;\\n    }\\n\\n    __syncthreads();\\n\\n    for (int offset = 1; offset < dim_x; offset <<= 1) {\\n      #pragma unroll\\n      for (int i = 0; i < output_vec_size; i++) {\\n        arg_t other = reducer::warp_shfl_down(value[i], offset);\\n        value[i] = reducer::combine(value[i], other);\\n      }\\n    }\\n    return value;\\n  }\\n\\n  template <int output_vec_size>\\n  C10_DEVICE Array<arg_t, output_vec_size> block_y_reduce(Array<arg_t, output_vec_size> value, char* shared_memory) const {\\n    using args_vec_t = Array<arg_t, output_vec_size>;\\n    args_vec_t* shared = (args_vec_t*)shared_memory;\\n    shared[config.shared_memory_offset(0)] = value;\\n    for (int offset = blockDim.y / 2; offset > 0; offset >>= 1) {\\n      __syncthreads();\\n      if (threadIdx.y < offset && threadIdx.y + offset < blockDim.y) {\\n        args_vec_t other = shared[config.shared_memory_offset(offset)];\\n        #pragma unroll\\n        for (int i = 0; i < output_vec_size; i++) {\\n          value[i] = reducer::combine(value[i], other[i]);\\n        }\\n        shared[config.shared_memory_offset(0)] = value;\\n      }\\n    }\\n    return value;\\n  }\\n  \\n\\n  C10_DEVICE bool mark_block_finished() const {\\n    __shared__ bool is_last_block_done_shared;\\n\\n    __syncthreads();\\n    if (threadIdx.x == 0 && threadIdx.y == 0) {\\n      int prev_blocks_finished = atomicAdd(&semaphores[blockIdx.x], 1);\\n      is_last_block_done_shared = (prev_blocks_finished == gridDim.y - 1);\\n    }\\n\\n    __syncthreads();\\n\\n    return is_last_block_done_shared;\\n  }\\n\\n  template <int output_vec_size>\\n  C10_DEVICE Array<arg_t, output_vec_size> accumulate_in_output(\\n    Array<out_scalar_t*, output_vec_size> out,\\n    Array<arg_t, output_vec_size> value\\n  ) const {\\n    Array<arg_t, output_vec_size> ret;\\n    #pragma unroll\\n    for (int i = 0; i < output_vec_size; i++) {\\n      ret[i] = reducer::combine(*(out[i]), value[i]);\\n    }\\n    return ret;\\n  }\\n\\n\\n  C10_DEVICE out_scalar_t get_accumulated_output(\\n    out_scalar_t* out, arg_t value\\n  ) const {\\n    assert(!final_output);\\n    return (out_scalar_t)value;\\n  }\\n\\n  template<class T>\\n  C10_DEVICE void set_results(const T x, const uint32_t base_offset) const {\\n    assert(noutputs == 1);\\n    auto res = (out_scalar_t*)((char*)dst[0] + base_offset);\\n    *res = x;\\n  }\\n\\n//TODO - multi-output reduction - we won\\'t be able to use thrust::pair\\n//just explicitly specify typed output reads/writes\\n//Currently implemented for max of two outputs\\n//   template<class T1, class T2>\\n//   C10_DEVICE void set_results(const thrust::pair<T1, T2> x, const index_t base_offset) const {\\n//     if (noutputs >= 1) {\\n//       auto res0 = (T1*)((char*)dst[0] + base_offset);\\n//       *res0 = x.first;\\n//     }\\n//     if (noutputs >= 2) {\\n//       // base offset is computed assuming element size being sizeof(T1), so we need to make a\\n//       // correction to obtain the correct base offset\\n//       auto res1 = (T2*) ((char *) dst[1] + base_offset / sizeof(T1) * sizeof(T2));\\n//       *res1 = x.second;\\n//     }\\n//   }\\n\\n  template <int output_vec_size>\\n  C10_DEVICE void set_results_to_output(Array<arg_t, output_vec_size> value, Array<uint32_t, output_vec_size> base_offset) const {\\n    assert(final_output);\\n    #pragma unroll\\n    for (int i = 0; i < output_vec_size; i++) {\\n      set_results(reducer::project(value[i]), base_offset[i]);\\n    }\\n  }\\n\\n  template <int output_vec_size>\\n  C10_DEVICE Array<arg_t, output_vec_size> global_reduce(Array<arg_t, output_vec_size> value, Array<arg_t, output_vec_size> *acc, char* shared_memory) const {\\n    using arg_vec_t = Array<arg_t, output_vec_size>;\\n    using out_ptr_vec_t = Array<out_scalar_t*, output_vec_size>;\\n    using offset_vec_t = Array<uint32_t, output_vec_size>;\\n\\n    arg_vec_t* reduce_buffer = (arg_vec_t*)cta_buf;\\n    uint32_t output_idx = config.output_idx<output_vec_size>();\\n    offset_vec_t base_offsets;\\n    out_ptr_vec_t out;\\n\\n    #pragma unroll\\n    for (int i = 0; i < output_vec_size; i++) {\\n      base_offsets[i] = output_calc.get(output_idx + i)[0];\\n      out[i] = (out_scalar_t*)((char*)dst[0] + base_offsets[i]);\\n    }\\n\\n    bool should_store = config.should_store(output_idx);\\n    if (should_store) {\\n      uint32_t offset = config.staging_memory_offset(blockIdx.y);\\n      reduce_buffer[offset] = value;\\n    }\\n\\n    __threadfence(); // make sure writes are globally visible\\n    __syncthreads(); // if multiple warps in this block wrote to staging, make sure they\\'re all done\\n    bool is_last_block_done = mark_block_finished();\\n\\n    if (is_last_block_done) {\\n      value = ident;\\n      if (config.should_block_x_reduce()) {\\n        uint32_t input_offset = threadIdx.x + threadIdx.y * blockDim.x;\\n        uint32_t step = blockDim.x * blockDim.y;\\n        for (; input_offset < config.ctas_per_output; input_offset += step) {\\n          uint32_t idx = config.staging_memory_offset(input_offset);\\n          arg_vec_t next = reduce_buffer[idx];\\n          #pragma unroll\\n          for (int i = 0; i < output_vec_size; i++) {\\n            value[i] = reducer::combine(value[i], next[i]);\\n          }\\n        }\\n      } else {\\n        uint32_t input_offset = threadIdx.y;\\n        uint32_t step = blockDim.y;\\n        for (; input_offset < config.ctas_per_output; input_offset += step) {\\n          uint32_t idx = config.staging_memory_offset(input_offset);\\n          arg_vec_t next = reduce_buffer[idx];\\n          #pragma unroll\\n          for (int i = 0; i < output_vec_size; i++) {\\n            value[i] = reducer::combine(value[i], next[i]);\\n          }\\n        }\\n      }\\n      value = block_y_reduce(value, shared_memory);\\n      if (config.should_block_x_reduce()) {\\n        value = block_x_reduce<output_vec_size>(value, shared_memory);\\n      }\\n      if (should_store) {\\n        if (accumulate) {\\n          #pragma unroll\\n          for (int i = 0; i < output_vec_size; i++) {\\n            value[i] = reducer::translate_idx(value[i], base_idx);\\n          }\\n        }\\n\\n        if (acc == nullptr) {\\n          if (accumulate) {\\n            value = accumulate_in_output<output_vec_size>(out, value);\\n          }\\n          if (final_output) {\\n            set_results_to_output<output_vec_size>(value, base_offsets);\\n          } else {\\n            #pragma unroll\\n            for (int i = 0; i < output_vec_size; i++) {\\n              *(out[i]) = get_accumulated_output(out[i], value[i]);\\n            }\\n          }\\n        } else {\\n          if (accumulate) {\\n            #pragma unroll\\n            for (int i = 0; i < output_vec_size; i++) {\\n              value[i] = reducer::combine((*acc)[i], value[i]);\\n            }\\n          }\\n          if (final_output) {\\n            set_results_to_output<output_vec_size>(value, base_offsets);\\n          } else {\\n            *acc = value;\\n          }\\n        }\\n      }\\n    }\\n\\n    return value;\\n  }\\n};\\n\\nextern \"C\"\\n__launch_bounds__(512, 4)\\n__global__ void reduction_prod_kernel(ReduceJitOp r){\\n  r.run();\\n}\\nnvrtc: error: invalid value for --gpu-architecture (-arch)\\n')", "user_provided_experiment_key": false, "comet_start_sourced": false}